{"Alabama": {"co2_lb_kwh": 0.734706}, "Arkansas": {"co2_lb_kwh": 0.8434125}, "Arizona": {"co2_lb_kwh": 0.6043905}, "California": {"co2_lb_kwh": 0.41431950000000006}, "Colorado": {"co2_lb_kwh": 1.0032750000000001}, "Connecticut": {"co2_lb_kwh": 0.40990950000000004}, "Delaware": {"co2_lb_kwh": 0.8689905}, "Florida": {"co2_lb_kwh": 0.75852}, "Georgia": {"co2_lb_kwh": 0.6484905000000001}, "Iowa": {"co2_lb_kwh": 0.896112}, "Idaho": {"co2_lb_kwh": 0.1276695}, "Illinois": {"co2_lb_kwh": 0.5536755}, "Indiana": {"co2_lb_kwh": 1.5999480000000001}, "Kansas": {"co2_lb_kwh": 0.730737}, "Kentucky": {"co2_lb_kwh": 1.837647}, "Louisiana": {"co2_lb_kwh": 0.8478225}, "Massachusetts": {"co2_lb_kwh": 0.5005350000000001}, "Maryland": {"co2_lb_kwh": 0.315315}, "Maine": {"co2_lb_kwh": 0.19933200000000004}, "Michigan": {"co2_lb_kwh": 1.044288}, "Minnesota": {"co2_lb_kwh": 0.6745094999999999}, "Missouri": {"co2_lb_kwh": 1.5439410000000002}, "Mississippi": {"co2_lb_kwh": 0.7613865}, "Montana": {"co2_lb_kwh": 0.07408800000000001}, "North Carolina": {"co2_lb_kwh": 0.6943544999999999}, "North Dakota": {"co2_lb_kwh": 0.8220240000000001}, "Nebraska": {"co2_lb_kwh": 0.688842}, "New Hampshire": {"co2_lb_kwh": 0.020506500000000004}, "New Jersey": {"co2_lb_kwh": 0.5382405}, "New Mexico": {"co2_lb_kwh": 1.067661}, "Nevada": {"co2_lb_kwh": 0.5761665000000001}, "New York": {"co2_lb_kwh": 0.379701}, "Ohio": {"co2_lb_kwh": 1.2610394999999999}, "Oklahoma": {"co2_lb_kwh": 0.6114465}, "Oregon": {"co2_lb_kwh": 0.2498265}, "Pennsylvania": {"co2_lb_kwh": 0.6866369999999999}, "Rhode Island": {"co2_lb_kwh": 0.608139}, "South Carolina": {"co2_lb_kwh": 0.470106}, "South Dakota": {"co2_lb_kwh": 0.24277049999999997}, "Tennessee": {"co2_lb_kwh": 0.7164045}, "Texas": {"co2_lb_kwh": 0.7027335}, "Utah": {"co2_lb_kwh": 1.388268}, "Virginia": {"co2_lb_kwh": 0.6083594999999999}, "Vermont": {"co2_lb_kwh": 0.0}, "Washington": {"co2_lb_kwh": 0.084672}, "Wisconsin": {"co2_lb_kwh": 1.2116475}, "West Virginia": {"co2_lb_kwh": 1.42002}, "Wyoming": {"co2_lb_kwh": 1.516599}}